{"stats":{"minecraft:killed_by":{"minecraft:spider":1,"minecraft:zombie":3},"minecraft:picked_up":{"minecraft:wheat_seeds":1,"minecraft:pink_wool":1,"minecraft:mutton":3,"minecraft:white_wool":1,"minecraft:dirt":5},"minecraft:custom":{"minecraft:time_since_rest":1163,"minecraft:crouch_one_cm":75,"minecraft:play_time":14559,"minecraft:sprint_one_cm":17665,"minecraft:deaths":4,"minecraft:damage_taken":1033,"minecraft:walk_one_cm":23176,"minecraft:sneak_time":12,"minecraft:mob_kills":2,"minecraft:jump":146,"minecraft:damage_dealt":494,"minecraft:leave_game":2,"minecraft:time_since_death":0,"minecraft:total_world_time":14559,"minecraft:fall_one_cm":6843,"minecraft:fly_one_cm":24241},"minecraft:mined":{"minecraft:short_grass":5,"minecraft:grass_block":3},"minecraft:used":{"minecraft:dirt":2},"minecraft:killed":{"minecraft:sheep":2}},"DataVersion":3953}