{"stats":{"minecraft:killed_by":{"minecraft:player":1,"minecraft:creeper":1},"minecraft:custom":{"minecraft:jump":122,"minecraft:time_since_rest":368,"minecraft:damage_taken":652,"minecraft:damage_dealt":401,"minecraft:crouch_one_cm":1767,"minecraft:leave_game":2,"minecraft:sprint_one_cm":9314,"minecraft:play_time":6994,"minecraft:walk_one_cm":17329,"minecraft:time_since_death":296,"minecraft:deaths":2,"minecraft:sneak_time":527,"minecraft:total_world_time":6994,"minecraft:fall_one_cm":4723,"minecraft:fly_one_cm":12498,"minecraft:player_kills":1},"minecraft:mined":{"minecraft:grass_block":2,"minecraft:short_grass":2,"minecraft:dirt":2}},"DataVersion":3953}