{"stats":{"minecraft:killed":{"minecraft:zombie":2},"minecraft:mined":{"minecraft:short_grass":21,"minecraft:grass_block":13,"minecraft:dirt":2,"minecraft:tall_grass":5},"minecraft:picked_up":{"minecraft:rotten_flesh":2,"minecraft:wheat_seeds":7,"minecraft:pink_wool":1,"minecraft:mutton":3,"minecraft:dirt":16},"minecraft:custom":{"minecraft:time_since_rest":7649,"minecraft:play_time":18422,"minecraft:sprint_one_cm":31996,"minecraft:deaths":4,"minecraft:damage_taken":1535,"minecraft:walk_one_cm":54996,"minecraft:sneak_time":67,"minecraft:mob_kills":2,"minecraft:drop":5,"minecraft:jump":281,"minecraft:damage_dealt":321,"minecraft:leave_game":3,"minecraft:time_since_death":7596,"minecraft:total_world_time":18422,"minecraft:fall_one_cm":4699,"minecraft:fly_one_cm":17423},"minecraft:killed_by":{"minecraft:creeper":2,"minecraft:zombie":2},"minecraft:used":{"minecraft:dirt":10,"minecraft:pink_wool":1},"minecraft:dropped":{"minecraft:wheat_seeds":5}},"DataVersion":3953}