{"stats":{"minecraft:dropped":{"minecraft:iron_ingot":3,"minecraft:wheat_seeds":3,"minecraft:cooked_beef":3,"minecraft:stone_sword":1,"minecraft:feather":5,"minecraft:cobblestone":8,"minecraft:leather":6,"minecraft:dirt":3,"minecraft:oak_boat":1,"minecraft:oak_sapling":11,"minecraft:wooden_shovel":1,"minecraft:wooden_sword":3,"minecraft:birch_log":2,"minecraft:egg":1,"minecraft:spruce_sapling":6},"minecraft:broken":{"minecraft:wooden_pickaxe":1},"minecraft:custom":{"minecraft:interact_with_furnace":20,"minecraft:mob_kills":30,"minecraft:interact_with_crafting_table":24,"minecraft:leave_game":2,"minecraft:time_since_death":100501,"minecraft:sleep_in_bed":3,"minecraft:climb_one_cm":5464,"minecraft:time_since_rest":31647,"minecraft:sprint_one_cm":297780,"minecraft:damage_taken":120,"minecraft:walk_one_cm":370720,"minecraft:drop":22,"minecraft:damage_dealt":2925,"minecraft:swim_one_cm":3129,"minecraft:fly_one_cm":45154,"minecraft:open_chest":7,"minecraft:crouch_one_cm":770,"minecraft:play_time":100501,"minecraft:sneak_time":913,"minecraft:walk_under_water_one_cm":1,"minecraft:boat_one_cm":106514,"minecraft:jump":747,"minecraft:walk_on_water_one_cm":494,"minecraft:total_world_time":100501,"minecraft:fall_one_cm":5360},"minecraft:picked_up":{"minecraft:birch_log":13,"minecraft:crafting_table":1,"minecraft:feather":9,"minecraft:cooked_beef":3,"minecraft:chicken":12,"minecraft:brown_wool":1,"minecraft:leather":6,"minecraft:oak_log":20,"minecraft:dirt":116,"minecraft:wooden_sword":2,"minecraft:apple":1,"minecraft:wheat_seeds":3,"minecraft:beef":3,"minecraft:iron_ingot":3,"minecraft:oak_fence_gate":2,"minecraft:oak_boat":1,"minecraft:oak_planks":18,"minecraft:egg":2,"minecraft:stick":4,"minecraft:oak_fence":27,"minecraft:dandelion":2,"minecraft:spruce_fence":35,"minecraft:spruce_sapling":6,"minecraft:white_bed":4,"minecraft:spruce_log":18,"minecraft:stone_sword":1,"minecraft:gray_wool":2,"minecraft:black_wool":1,"minecraft:oak_sapling":12,"minecraft:mutton":19,"minecraft:coal":20,"minecraft:white_wool":8,"minecraft:cobblestone":86},"minecraft:mined":{"minecraft:white_bed":4,"minecraft:dandelion":4,"minecraft:oak_fence":29,"minecraft:crafting_table":1,"minecraft:short_grass":18,"minecraft:grass_block":64,"minecraft:spruce_fence":38,"minecraft:spruce_leaves":2,"minecraft:oak_planks":18,"minecraft:birch_log":14,"minecraft:spruce_log":18,"minecraft:oak_log":22,"minecraft:coal_ore":19,"minecraft:oak_fence_gate":2,"minecraft:dirt":56,"minecraft:stone":82,"minecraft:oak_leaves":8,"minecraft:fern":1},"minecraft:crafted":{"minecraft:cooked_beef":3,"minecraft:wooden_sword":3,"minecraft:oak_planks":76,"minecraft:wooden_shovel":2,"minecraft:crafting_table":3,"minecraft:spruce_planks":72,"minecraft:wooden_pickaxe":2,"minecraft:cooked_chicken":10,"minecraft:birch_planks":44,"minecraft:spruce_fence":39,"minecraft:stone_axe":1,"minecraft:cooked_mutton":19,"minecraft:oak_fence_gate":4,"minecraft:oak_boat":3,"minecraft:shield":1,"minecraft:ladder":9,"minecraft:stick":116,"minecraft:iron_ingot":4,"minecraft:stone_pickaxe":3,"minecraft:wooden_axe":1,"minecraft:stone_sword":1,"minecraft:torch":8,"minecraft:oak_fence":30},"minecraft:killed":{"minecraft:horse":2,"minecraft:sheep":11,"minecraft:donkey":2,"minecraft:chicken":12,"minecraft:cow":3},"minecraft:used":{"minecraft:oak_fence":32,"minecraft:stone_sword":110,"minecraft:stone_pickaxe":129,"minecraft:ladder":7,"minecraft:wooden_pickaxe":59,"minecraft:cooked_chicken":4,"minecraft:torch":1,"minecraft:dirt":12,"minecraft:crafting_table":3,"minecraft:spruce_fence":40,"minecraft:oak_fence_gate":2,"minecraft:oak_log":1,"minecraft:wooden_axe":18,"minecraft:apple":1,"minecraft:chicken":2,"minecraft:stone_axe":110,"minecraft:wooden_sword":55,"minecraft:oak_boat":2,"minecraft:egg":1,"minecraft:cooked_beef":3}},"DataVersion":3953}