{"stats":{"minecraft:dropped":{"minecraft:wheat_seeds":3,"minecraft:cooked_beef":2,"minecraft:cobbled_deepslate":2,"minecraft:birch_sapling":1,"minecraft:spruce_planks":64,"minecraft:andesite":3,"minecraft:oak_sapling":2,"minecraft:beef":8,"minecraft:birch_log":2},"minecraft:broken":{"minecraft:stone_pickaxe":1,"minecraft:stone_sword":1,"minecraft:wooden_pickaxe":1},"minecraft:killed_by":{"minecraft:skeleton":1},"minecraft:custom":{"minecraft:interact_with_furnace":30,"minecraft:mob_kills":22,"minecraft:interact_with_crafting_table":21,"minecraft:leave_game":4,"minecraft:time_since_death":71432,"minecraft:sleep_in_bed":2,"minecraft:time_since_rest":49011,"minecraft:sprint_one_cm":278038,"minecraft:damage_taken":1116,"minecraft:walk_one_cm":676302,"minecraft:damage_blocked_by_shield":1935,"minecraft:drop":9,"minecraft:damage_dealt":3040,"minecraft:swim_one_cm":39199,"minecraft:fly_one_cm":79139,"minecraft:open_chest":5,"minecraft:crouch_one_cm":6387,"minecraft:play_time":155074,"minecraft:deaths":1,"minecraft:sneak_time":3095,"minecraft:walk_under_water_one_cm":14087,"minecraft:boat_one_cm":379404,"minecraft:jump":1550,"minecraft:walk_on_water_one_cm":15666,"minecraft:total_world_time":155074,"minecraft:fall_one_cm":9232,"minecraft:horse_one_cm":1214},"minecraft:picked_up":{"minecraft:birch_log":2,"minecraft:crafting_table":5,"minecraft:iron_chestplate":1,"minecraft:feather":23,"minecraft:cooked_beef":3,"minecraft:chicken":3,"minecraft:andesite":7,"minecraft:leather":4,"minecraft:oak_log":19,"minecraft:shield":1,"minecraft:string":12,"minecraft:dirt":35,"minecraft:raw_copper":9,"minecraft:iron_leggings":1,"minecraft:cooked_mutton":4,"minecraft:bone":3,"minecraft:apple":3,"minecraft:wheat_seeds":3,"minecraft:cobbled_deepslate":5,"minecraft:spruce_planks":20,"minecraft:stone_pickaxe":1,"minecraft:beef":19,"minecraft:oak_boat":1,"minecraft:iron_pickaxe":1,"minecraft:sugar_cane":16,"minecraft:birch_sapling":1,"minecraft:oak_planks":51,"minecraft:furnace":3,"minecraft:iron_boots":1,"minecraft:egg":2,"minecraft:stick":16,"minecraft:raw_iron":29,"minecraft:sandstone":10,"minecraft:torch":25,"minecraft:porkchop":7,"minecraft:diorite":5,"minecraft:white_bed":4,"minecraft:spruce_log":44,"minecraft:redstone":100,"minecraft:spider_eye":2,"minecraft:stone_sword":1,"minecraft:arrow":6,"minecraft:rotten_flesh":9,"minecraft:stone_axe":1,"minecraft:oak_sapling":4,"minecraft:mutton":2,"minecraft:coal":125,"minecraft:white_wool":1,"minecraft:cobblestone":192},"minecraft:mined":{"minecraft:deepslate_redstone_ore":5,"minecraft:spruce_planks":21,"minecraft:white_bed":4,"minecraft:dandelion":1,"minecraft:crafting_table":4,"minecraft:torch":1,"minecraft:short_grass":42,"minecraft:grass_block":2,"minecraft:copper_ore":2,"minecraft:cobblestone":33,"minecraft:spruce_leaves":8,"minecraft:sugar_cane":4,"minecraft:sandstone":11,"minecraft:diorite":5,"minecraft:wall_torch":1,"minecraft:redstone_ore":6,"minecraft:furnace":3,"minecraft:iron_ore":28,"minecraft:spruce_log":46,"minecraft:andesite":5,"minecraft:coal_ore":63,"minecraft:oak_log":20,"minecraft:dirt":15,"minecraft:stone":147,"minecraft:oak_leaves":7,"minecraft:deepslate":4},"minecraft:crafted":{"minecraft:cooked_beef":12,"minecraft:sugar":16,"minecraft:oak_planks":76,"minecraft:arrow":8,"minecraft:cooked_porkchop":7,"minecraft:crafting_table":1,"minecraft:spruce_planks":176,"minecraft:cooked_chicken":3,"minecraft:wooden_pickaxe":1,"minecraft:spruce_door":3,"minecraft:furnace":2,"minecraft:stone_axe":1,"minecraft:cooked_mutton":2,"minecraft:bow":1,"minecraft:iron_boots":1,"minecraft:iron_chestplate":1,"minecraft:shield":1,"minecraft:stick":24,"minecraft:iron_ingot":25,"minecraft:iron_pickaxe":1,"minecraft:stone_pickaxe":2,"minecraft:stone_sword":1,"minecraft:gold_ingot":2,"minecraft:iron_leggings":1,"minecraft:torch":28,"minecraft:golden_sword":1},"minecraft:killed":{"minecraft:husk":1,"minecraft:pig":4,"minecraft:spider":2,"minecraft:sheep":1,"minecraft:zombie":3,"minecraft:chicken":4,"minecraft:cow":4},"minecraft:used":{"minecraft:cooked_mutton":4,"minecraft:diorite":5,"minecraft:stone_sword":155,"minecraft:spruce_door":2,"minecraft:stone_pickaxe":251,"minecraft:spruce_planks":115,"minecraft:shield":39,"minecraft:wooden_pickaxe":59,"minecraft:iron_chestplate":1,"minecraft:torch":9,"minecraft:dirt":35,"minecraft:crafting_table":4,"minecraft:white_bed":4,"minecraft:apple":3,"minecraft:iron_pickaxe":11,"minecraft:iron_boots":2,"minecraft:golden_sword":8,"minecraft:stone_axe":76,"minecraft:cobblestone":78,"minecraft:furnace":4,"minecraft:oak_sapling":2,"minecraft:cooked_porkchop":4,"minecraft:andesite":1,"minecraft:cooked_beef":5,"minecraft:cobbled_deepslate":1,"minecraft:iron_leggings":2}},"DataVersion":3953}