{"stats":{"minecraft:dropped":{"minecraft:stone_sword":1,"minecraft:feather":4,"minecraft:brown_wool":1,"minecraft:wooden_pickaxe":1},"minecraft:killed_by":{"minecraft:player":1,"minecraft:skeleton":2,"minecraft:polar_bear":2,"minecraft:zombie":1},"minecraft:custom":{"minecraft:interact_with_furnace":18,"minecraft:mob_kills":13,"minecraft:interact_with_crafting_table":11,"minecraft:leave_game":2,"minecraft:time_since_death":10247,"minecraft:sleep_in_bed":3,"minecraft:time_since_rest":3417,"minecraft:sprint_one_cm":363924,"minecraft:damage_taken":2146,"minecraft:walk_one_cm":356898,"minecraft:damage_blocked_by_shield":1050,"minecraft:drop":7,"minecraft:damage_dealt":2433,"minecraft:swim_one_cm":23031,"minecraft:fly_one_cm":436463,"minecraft:open_chest":16,"minecraft:crouch_one_cm":10874,"minecraft:play_time":106201,"minecraft:deaths":6,"minecraft:sneak_time":3526,"minecraft:walk_under_water_one_cm":8143,"minecraft:boat_one_cm":187482,"minecraft:jump":2366,"minecraft:walk_on_water_one_cm":21893,"minecraft:total_world_time":106201,"minecraft:fall_one_cm":63656},"minecraft:picked_up":{"minecraft:wooden_axe":1,"minecraft:stripped_oak_log":1,"minecraft:crafting_table":9,"minecraft:feather":4,"minecraft:cooked_beef":2,"minecraft:chicken":1,"minecraft:andesite":8,"minecraft:brown_wool":2,"minecraft:wooden_pickaxe":2,"minecraft:oak_log":27,"minecraft:string":2,"minecraft:dirt":27,"minecraft:raw_copper":16,"minecraft:experience_bottle":1,"minecraft:gold_nugget":5,"minecraft:wheat_seeds":5,"minecraft:iron_ingot":26,"minecraft:spruce_planks":4,"minecraft:stone_pickaxe":1,"minecraft:beef":2,"minecraft:oak_boat":4,"minecraft:iron_nugget":50,"minecraft:wooden_shovel":4,"minecraft:iron_sword":4,"minecraft:furnace":4,"minecraft:stick":6,"minecraft:raw_iron":8,"minecraft:cooked_porkchop":3,"minecraft:torch":3,"minecraft:dandelion":8,"minecraft:spruce_door":1,"minecraft:spider_eye":1,"minecraft:stone_sword":1,"minecraft:rotten_flesh":6,"minecraft:oak_sapling":2,"minecraft:mutton":1,"minecraft:cod":1,"minecraft:coal":25,"minecraft:cobblestone":107},"minecraft:mined":{"minecraft:dandelion":1,"minecraft:crafting_table":6,"minecraft:short_grass":36,"minecraft:grass_block":1,"minecraft:brown_wool":1,"minecraft:copper_ore":6,"minecraft:cobblestone":18,"minecraft:wall_torch":3,"minecraft:large_fern":1,"minecraft:furnace":1,"minecraft:iron_ore":8,"minecraft:andesite":8,"minecraft:coal_ore":18,"minecraft:oak_log":19,"minecraft:dirt":3,"minecraft:packed_ice":5,"minecraft:stripped_oak_log":1,"minecraft:stone":75,"minecraft:oak_leaves":8},"minecraft:crafted":{"minecraft:cooked_beef":2,"minecraft:oak_planks":44,"minecraft:wooden_shovel":1,"minecraft:crafting_table":4,"minecraft:wooden_pickaxe":2,"minecraft:iron_sword":1,"minecraft:furnace":1,"minecraft:cooked_mutton":1,"minecraft:oak_boat":1,"minecraft:shield":1,"minecraft:stick":24,"minecraft:iron_ingot":8,"minecraft:iron_pickaxe":1,"minecraft:stone_pickaxe":2,"minecraft:wooden_axe":1,"minecraft:torch":36},"minecraft:killed":{"minecraft:spider":2,"minecraft:polar_bear":1,"minecraft:sheep":1,"minecraft:zombie":6,"minecraft:chicken":1,"minecraft:drowned":2},"minecraft:used":{"minecraft:cooked_mutton":1,"minecraft:stone_sword":1,"minecraft:spruce_door":1,"minecraft:stone_pickaxe":97,"minecraft:spruce_planks":3,"minecraft:shield":25,"minecraft:wooden_pickaxe":49,"minecraft:iron_sword":68,"minecraft:wooden_shovel":14,"minecraft:rotten_flesh":6,"minecraft:torch":13,"minecraft:dirt":22,"minecraft:crafting_table":7,"minecraft:spider_eye":1,"minecraft:cod":1,"minecraft:wooden_axe":17,"minecraft:chicken":1,"minecraft:brown_wool":1,"minecraft:cobblestone":53,"minecraft:furnace":1,"minecraft:cooked_porkchop":2,"minecraft:oak_boat":5,"minecraft:cooked_beef":4}},"DataVersion":3953}