{"stats":{"minecraft:killed":{"minecraft:sheep":2},"minecraft:mined":{"minecraft:short_grass":5,"minecraft:grass_block":3},"minecraft:picked_up":{"minecraft:wheat_seeds":1,"minecraft:pink_wool":1,"minecraft:mutton":3,"minecraft:dirt":5,"minecraft:white_wool":1},"minecraft:custom":{"minecraft:time_since_rest":1496,"minecraft:crouch_one_cm":26,"minecraft:play_time":4578,"minecraft:sprint_one_cm":4646,"minecraft:walk_one_cm":11759,"minecraft:damage_taken":408,"minecraft:deaths":1,"minecraft:sneak_time":6,"minecraft:mob_kills":2,"minecraft:jump":61,"minecraft:damage_dealt":464,"minecraft:leave_game":1,"minecraft:time_since_death":1457,"minecraft:total_world_time":4578,"minecraft:fall_one_cm":1125,"minecraft:fly_one_cm":7199},"minecraft:killed_by":{"minecraft:zombie":1},"minecraft:used":{"minecraft:dirt":2}},"DataVersion":3953}