{"stats":{"minecraft:dropped":{"minecraft:birch_planks":1,"minecraft:moss_block":8,"minecraft:porkchop":6,"minecraft:wheat_seeds":5,"minecraft:cooked_porkchop":12,"minecraft:poisonous_potato":5,"minecraft:cobblestone":5,"minecraft:chest_minecart":1,"minecraft:dirt":3,"minecraft:gray_wool":2,"minecraft:diorite":2,"minecraft:mutton":1,"minecraft:potion":1,"minecraft:brown_terracotta":3,"minecraft:gold_nugget":8,"minecraft:sand":39,"minecraft:string":2,"minecraft:stone_axe":1,"minecraft:iron_nugget":1,"minecraft:detector_rail":4,"minecraft:stone_sword":1,"minecraft:cobbled_deepslate":2,"minecraft:bowl":1,"minecraft:tuff":1,"minecraft:raw_iron":1,"minecraft:chicken":2,"minecraft:rotten_flesh":44,"minecraft:red_terracotta":2,"minecraft:leather_chestplate":2,"minecraft:leather_leggings":2,"minecraft:spider_eye":1,"minecraft:bamboo":4,"minecraft:black_wool":1,"minecraft:terracotta":3},"minecraft:broken":{"minecraft:golden_shovel":1,"minecraft:stone_pickaxe":3},"minecraft:killed_by":{"minecraft:player":1,"minecraft:creeper":1,"minecraft:spider":2,"minecraft:skeleton":2},"minecraft:custom":{"minecraft:mob_kills":53,"minecraft:interact_with_crafting_table":39,"minecraft:bell_ring":22,"minecraft:leave_game":7,"minecraft:time_since_death":59373,"minecraft:climb_one_cm":1246,"minecraft:sprint_one_cm":438667,"minecraft:walk_one_cm":457293,"minecraft:damage_blocked_by_shield":1288,"minecraft:drop":55,"minecraft:play_time":211965,"minecraft:deaths":8,"minecraft:sneak_time":6172,"minecraft:walk_under_water_one_cm":81312,"minecraft:boat_one_cm":485809,"minecraft:jump":3120,"minecraft:walk_on_water_one_cm":47218,"minecraft:total_world_time":211965,"minecraft:interact_with_furnace":35,"minecraft:sleep_in_bed":4,"minecraft:time_since_rest":35202,"minecraft:damage_taken":3848,"minecraft:damage_dealt":8339,"minecraft:player_kills":1,"minecraft:swim_one_cm":157053,"minecraft:fly_one_cm":487273,"minecraft:open_chest":28,"minecraft:crouch_one_cm":7158,"minecraft:fall_one_cm":77321},"minecraft:picked_up":{"minecraft:wooden_axe":1,"minecraft:cocoa_beans":5,"minecraft:crafting_table":10,"minecraft:chicken":3,"minecraft:suspicious_stew":1,"minecraft:leather_leggings":3,"minecraft:chest_minecart":1,"minecraft:wooden_pickaxe":3,"minecraft:string":5,"minecraft:compass":1,"minecraft:experience_bottle":2,"minecraft:gold_nugget":8,"minecraft:cobbled_deepslate":18,"minecraft:detector_rail":4,"minecraft:spruce_planks":8,"minecraft:beef":11,"minecraft:oak_boat":10,"minecraft:iron_nugget":37,"minecraft:light_gray_wool":4,"minecraft:chest":5,"minecraft:melon_slice":14,"minecraft:sugar_cane":14,"minecraft:furnace":6,"minecraft:raw_iron":82,"minecraft:stick":27,"minecraft:brown_terracotta":3,"minecraft:torch":5,"minecraft:porkchop":27,"minecraft:diorite":2,"minecraft:redstone":10,"minecraft:rotten_flesh":58,"minecraft:stone_sword":3,"minecraft:arrow":6,"minecraft:gold_ingot":1,"minecraft:mutton":16,"minecraft:white_wool":12,"minecraft:cobblestone":567,"minecraft:birch_log":6,"minecraft:leather_chestplate":2,"minecraft:cooked_beef":27,"minecraft:glow_ink_sac":3,"minecraft:andesite":23,"minecraft:jungle_log":8,"minecraft:leather":24,"minecraft:filled_map":1,"minecraft:tuff":1,"minecraft:oak_log":23,"minecraft:gunpowder":4,"minecraft:lapis_lazuli":46,"minecraft:dirt":148,"minecraft:paper":21,"minecraft:cooked_mutton":9,"minecraft:coast_armor_trim_smithing_template":4,"minecraft:apple":4,"minecraft:wheat_seeds":9,"minecraft:raw_gold":36,"minecraft:iron_ingot":7,"minecraft:stone_pickaxe":1,"minecraft:bamboo":68,"minecraft:moss_block":8,"minecraft:oak_planks":65,"minecraft:book":4,"minecraft:cooked_porkchop":25,"minecraft:poisonous_potato":5,"minecraft:sand":104,"minecraft:white_bed":1,"minecraft:spruce_log":7,"minecraft:red_terracotta":2,"minecraft:spider_eye":3,"minecraft:stone_axe":3,"minecraft:granite":27,"minecraft:gray_wool":5,"minecraft:emerald":9,"minecraft:terracotta":3,"minecraft:oak_sapling":13,"minecraft:black_wool":1,"minecraft:coal":288},"minecraft:mined":{"minecraft:white_bed":1,"minecraft:spruce_planks":8,"minecraft:tuff":1,"minecraft:sculk_vein":1,"minecraft:jungle_leaves":2,"minecraft:granite":28,"minecraft:grass_block":21,"minecraft:jungle_log":8,"minecraft:mangrove_propagule":1,"minecraft:furnace":6,"minecraft:iron_ore":60,"minecraft:fire":3,"minecraft:andesite":24,"minecraft:deepslate_lapis_ore":4,"minecraft:deepslate_iron_ore":22,"minecraft:vine":5,"minecraft:bamboo":8,"minecraft:stone":331,"minecraft:deepslate_redstone_ore":4,"minecraft:torch":1,"minecraft:crafting_table":7,"minecraft:short_grass":25,"minecraft:melon":3,"minecraft:chest":5,"minecraft:mushroom_stem":4,"minecraft:tall_grass":7,"minecraft:cobblestone":6,"minecraft:lapis_ore":3,"minecraft:oak_planks":2,"minecraft:sugar_cane":6,"minecraft:sculk":8,"minecraft:diorite":2,"minecraft:wall_torch":2,"minecraft:red_terracotta":1,"minecraft:birch_log":6,"minecraft:spruce_log":7,"minecraft:mangrove_leaves":1,"minecraft:coal_ore":121,"minecraft:oak_log":23,"minecraft:mycelium":6,"minecraft:gravel":1,"minecraft:sand":72,"minecraft:dirt":66,"minecraft:brown_terracotta":3,"minecraft:terracotta":3,"minecraft:gold_ore":36,"minecraft:oak_leaves":8,"minecraft:deepslate":27,"minecraft:fern":4},"minecraft:crafted":{"minecraft:oak_planks":84,"minecraft:stone_shovel":2,"minecraft:furnace":3,"minecraft:cooked_mutton":13,"minecraft:iron_boots":1,"minecraft:iron_axe":1,"minecraft:stone_pickaxe":6,"minecraft:chest":1,"minecraft:cooked_beef":11,"minecraft:cooked_porkchop":14,"minecraft:crafting_table":3,"minecraft:spruce_planks":28,"minecraft:wooden_pickaxe":1,"minecraft:iron_helmet":2,"minecraft:iron_sword":2,"minecraft:golden_shovel":1,"minecraft:bucket":1,"minecraft:birch_planks":24,"minecraft:stone_axe":2,"minecraft:air":0,"minecraft:jungle_planks":32,"minecraft:oak_boat":2,"minecraft:iron_chestplate":2,"minecraft:shield":2,"minecraft:stick":100,"minecraft:iron_ingot":50,"minecraft:iron_pickaxe":1,"minecraft:stone_sword":1,"minecraft:iron_leggings":1,"minecraft:white_bed":1,"minecraft:torch":176},"minecraft:killed":{"minecraft:spider":4,"minecraft:skeleton":3,"minecraft:chicken":1,"minecraft:drowned":2,"minecraft:pig":10,"minecraft:zombie_villager":1,"minecraft:creeper":1,"minecraft:sheep":10,"minecraft:zombie":13,"minecraft:cow":7},"minecraft:used":{"minecraft:stone_sword":115,"minecraft:flint_and_steel":3,"minecraft:stone_shovel":37,"minecraft:spruce_planks":32,"minecraft:chest":1,"minecraft:shield":19,"minecraft:iron_sword":57,"minecraft:iron_chestplate":1,"minecraft:torch":153,"minecraft:dirt":78,"minecraft:golden_shovel":32,"minecraft:iron_axe":1,"minecraft:iron_helmet":1,"minecraft:iron_boots":1,"minecraft:furnace":7,"minecraft:cooked_beef":15,"minecraft:cobbled_deepslate":4,"minecraft:iron_leggings":1,"minecraft:cooked_mutton":5,"minecraft:water_bucket":5,"minecraft:glass_bottle":1,"minecraft:stone_pickaxe":553,"minecraft:oak_planks":4,"minecraft:wooden_pickaxe":9,"minecraft:white_wool":1,"minecraft:crafting_table":8,"minecraft:white_bed":1,"minecraft:oak_log":2,"minecraft:bread":3,"minecraft:suspicious_stew":1,"minecraft:iron_pickaxe":173,"minecraft:stone_axe":111,"minecraft:cobblestone":86,"minecraft:potion":1,"minecraft:cooked_porkchop":5,"minecraft:andesite":1,"minecraft:bucket":6,"minecraft:oak_boat":10}},"DataVersion":3953}