{"stats":{"minecraft:mined":{"minecraft:short_grass":2,"minecraft:grass_block":5},"minecraft:picked_up":{"minecraft:mutton":1,"minecraft:white_wool":1,"minecraft:dirt":5},"minecraft:custom":{"minecraft:jump":38,"minecraft:time_since_rest":11424,"minecraft:leave_game":1,"minecraft:damage_dealt":80,"minecraft:sprint_one_cm":4469,"minecraft:play_time":11424,"minecraft:damage_taken":40,"minecraft:time_since_death":11424,"minecraft:walk_one_cm":6810,"minecraft:total_world_time":11424,"minecraft:mob_kills":1,"minecraft:fall_one_cm":1343,"minecraft:fly_one_cm":2220},"minecraft:killed":{"minecraft:sheep":1},"minecraft:used":{"minecraft:white_wool":1,"minecraft:dirt":5}},"DataVersion":3953}