{"stats":{"minecraft:killed_by":{"minecraft:spider":2},"minecraft:crafted":{"minecraft:oak_planks":36,"minecraft:crafting_table":1,"minecraft:stick":16,"minecraft:wooden_pickaxe":1,"minecraft:stone_pickaxe":1},"minecraft:dropped":{"minecraft:mutton":1,"minecraft:string":2},"minecraft:custom":{"minecraft:time_since_rest":3596,"minecraft:sprint_one_cm":52612,"minecraft:damage_taken":1020,"minecraft:walk_one_cm":42825,"minecraft:mob_kills":5,"minecraft:drop":3,"minecraft:damage_dealt":849,"minecraft:swim_one_cm":6817,"minecraft:interact_with_crafting_table":3,"minecraft:fly_one_cm":72216,"minecraft:play_time":29828,"minecraft:crouch_one_cm":790,"minecraft:deaths":4,"minecraft:sneak_time":1851,"minecraft:walk_under_water_one_cm":977,"minecraft:jump":406,"minecraft:leave_game":5,"minecraft:time_since_death":3571,"minecraft:walk_on_water_one_cm":141,"minecraft:total_world_time":29828,"minecraft:fall_one_cm":15007},"minecraft:picked_up":{"minecraft:oak_log":11,"minecraft:string":2,"minecraft:dirt":40,"minecraft:apple":1,"minecraft:wheat_seeds":2,"minecraft:oak_sapling":4,"minecraft:mutton":1,"minecraft:white_wool":1,"minecraft:cobblestone":3},"minecraft:mined":{"minecraft:short_grass":9,"minecraft:grass_block":11,"minecraft:oak_log":11,"minecraft:dirt":4,"minecraft:tall_grass":4,"minecraft:stone":3,"minecraft:oak_leaves":2},"minecraft:killed":{"minecraft:sheep":1,"minecraft:zombie":2,"minecraft:zombie_villager":1,"minecraft:spider":1},"minecraft:used":{"minecraft:oak_log":2,"minecraft:wooden_pickaxe":3,"minecraft:white_wool":1,"minecraft:dirt":18}},"DataVersion":3953}