{"stats":{"minecraft:killed_by":{"minecraft:skeleton":1,"minecraft:spider":2},"minecraft:crafted":{"minecraft:cooked_beef":11,"minecraft:oak_planks":36,"minecraft:crafting_table":1,"minecraft:stick":16,"minecraft:wooden_pickaxe":1,"minecraft:stone_pickaxe":1,"minecraft:stone_sword":1,"minecraft:furnace":1,"minecraft:stone_axe":1,"minecraft:cooked_mutton":5,"minecraft:air":0},"minecraft:dropped":{"minecraft:mutton":1,"minecraft:string":2},"minecraft:custom":{"minecraft:time_since_rest":8305,"minecraft:interact_with_furnace":6,"minecraft:sprint_one_cm":96227,"minecraft:damage_taken":1530,"minecraft:walk_one_cm":82652,"minecraft:mob_kills":19,"minecraft:drop":3,"minecraft:damage_dealt":2406,"minecraft:swim_one_cm":6817,"minecraft:interact_with_crafting_table":7,"minecraft:fly_one_cm":128809,"minecraft:play_time":48072,"minecraft:crouch_one_cm":845,"minecraft:deaths":5,"minecraft:sneak_time":1942,"minecraft:walk_under_water_one_cm":6952,"minecraft:jump":703,"minecraft:leave_game":6,"minecraft:time_since_death":8271,"minecraft:walk_on_water_one_cm":1907,"minecraft:total_world_time":48072,"minecraft:fall_one_cm":23790},"minecraft:broken":{"minecraft:stone_pickaxe":1},"minecraft:picked_up":{"minecraft:stick":9,"minecraft:crafting_table":1,"minecraft:cooked_beef":10,"minecraft:cooked_porkchop":10,"minecraft:leather":12,"minecraft:wooden_pickaxe":1,"minecraft:porkchop":2,"minecraft:oak_log":11,"minecraft:spider_eye":1,"minecraft:string":2,"minecraft:dirt":49,"minecraft:stone_sword":1,"minecraft:rotten_flesh":1,"minecraft:apple":2,"minecraft:stone_axe":1,"minecraft:wheat_seeds":3,"minecraft:beef":11,"minecraft:gray_wool":1,"minecraft:light_gray_wool":2,"minecraft:oak_sapling":8,"minecraft:oak_planks":21,"minecraft:mutton":7,"minecraft:coal":65,"minecraft:white_wool":5,"minecraft:cobblestone":166},"minecraft:mined":{"minecraft:short_grass":10,"minecraft:coal_ore":42,"minecraft:grass_block":11,"minecraft:oak_log":11,"minecraft:dirt":4,"minecraft:tall_grass":4,"minecraft:cobblestone":1,"minecraft:stone":93,"minecraft:oak_leaves":2},"minecraft:killed":{"minecraft:sheep":5,"minecraft:zombie":3,"minecraft:pig":1,"minecraft:zombie_villager":1,"minecraft:spider":2,"minecraft:cow":7},"minecraft:used":{"minecraft:oak_log":2,"minecraft:stone_sword":43,"minecraft:stone_pickaxe":131,"minecraft:wooden_pickaxe":5,"minecraft:white_wool":1,"minecraft:dirt":20,"minecraft:furnace":1,"minecraft:cooked_beef":3}},"DataVersion":3953}