{"stats":{"minecraft:dropped":{"minecraft:wheat_seeds":1,"minecraft:cooked_beef":7,"minecraft:cooked_porkchop":5,"minecraft:feather":19,"minecraft:leather":1,"minecraft:granite":1,"minecraft:string":5,"minecraft:redstone":50,"minecraft:stone_sword":1,"minecraft:rotten_flesh":3,"minecraft:cooked_mutton":4,"minecraft:leather_chestplate":1,"minecraft:wooden_shovel":1,"minecraft:leather_leggings":1,"minecraft:spider_eye":2,"minecraft:arrow":4,"minecraft:wooden_pickaxe":1,"minecraft:stone_pickaxe":1,"minecraft:beef":3},"minecraft:broken":{"minecraft:stone_pickaxe":1},"minecraft:killed_by":{"minecraft:creeper":1,"minecraft:enderman":1,"minecraft:skeleton":1,"minecraft:zombie":4},"minecraft:custom":{"minecraft:mob_kills":112,"minecraft:interact_with_crafting_table":33,"minecraft:interact_with_campfire":11,"minecraft:leave_game":13,"minecraft:time_since_death":31887,"minecraft:sprint_one_cm":546770,"minecraft:walk_one_cm":454866,"minecraft:damage_blocked_by_shield":1245,"minecraft:drop":56,"minecraft:play_time":189935,"minecraft:deaths":7,"minecraft:sneak_time":15000,"minecraft:walk_under_water_one_cm":19994,"minecraft:boat_one_cm":280645,"minecraft:jump":3497,"minecraft:walk_on_water_one_cm":38961,"minecraft:total_world_time":189935,"minecraft:interact_with_furnace":192,"minecraft:sleep_in_bed":8,"minecraft:time_since_rest":32006,"minecraft:damage_taken":4362,"minecraft:damage_dealt":13081,"minecraft:swim_one_cm":113651,"minecraft:fly_one_cm":679576,"minecraft:open_chest":27,"minecraft:crouch_one_cm":28203,"minecraft:fall_one_cm":79839},"minecraft:picked_up":{"minecraft:iron_chestplate":1,"minecraft:crafting_table":4,"minecraft:chicken":40,"minecraft:leather_leggings":1,"minecraft:shield":1,"minecraft:string":5,"minecraft:raw_copper":81,"minecraft:iron_leggings":1,"minecraft:cobbled_deepslate":1,"minecraft:spruce_planks":129,"minecraft:beef":34,"minecraft:iron_pickaxe":1,"minecraft:sugar_cane":12,"minecraft:iron_boots":1,"minecraft:furnace":11,"minecraft:egg":1,"minecraft:stick":8,"minecraft:raw_iron":123,"minecraft:torch":48,"minecraft:porkchop":20,"minecraft:diorite":4,"minecraft:redstone":50,"minecraft:stone_sword":2,"minecraft:arrow":8,"minecraft:rotten_flesh":17,"minecraft:gold_ingot":8,"minecraft:mutton":50,"minecraft:white_wool":24,"minecraft:cobblestone":422,"minecraft:birch_log":10,"minecraft:leather_chestplate":1,"minecraft:feather":30,"minecraft:cooked_beef":4,"minecraft:andesite":2,"minecraft:leather":22,"minecraft:brown_wool":1,"minecraft:oak_log":35,"minecraft:lapis_lazuli":14,"minecraft:dirt":17,"minecraft:cooked_mutton":10,"minecraft:bone":3,"minecraft:wheat_seeds":10,"minecraft:raw_gold":8,"minecraft:cooked_chicken":4,"minecraft:stone_pickaxe":2,"minecraft:iron_ingot":52,"minecraft:iron_sword":1,"minecraft:oak_planks":107,"minecraft:cooked_porkchop":9,"minecraft:dandelion":1,"minecraft:spruce_sapling":2,"minecraft:grass_block":1,"minecraft:white_bed":1,"minecraft:spruce_log":22,"minecraft:spider_eye":3,"minecraft:stone_axe":1,"minecraft:iron_helmet":1,"minecraft:granite":4,"minecraft:gray_wool":4,"minecraft:oak_sapling":7,"minecraft:black_wool":3,"minecraft:coal":243,"minecraft:ender_pearl":1},"minecraft:mined":{"minecraft:spruce_planks":1,"minecraft:white_bed":1,"minecraft:oak_sapling":2,"minecraft:granite":4,"minecraft:grass_block":5,"minecraft:spruce_leaves":1,"minecraft:furnace":11,"minecraft:iron_ore":77,"minecraft:andesite":1,"minecraft:deepslate_lapis_ore":1,"minecraft:deepslate_iron_ore":7,"minecraft:stone":263,"minecraft:dandelion":1,"minecraft:crafting_table":2,"minecraft:torch":8,"minecraft:short_grass":64,"minecraft:tall_grass":14,"minecraft:copper_ore":8,"minecraft:cobblestone":21,"minecraft:deepslate_gold_ore":1,"minecraft:sugar_cane":5,"minecraft:diorite":4,"minecraft:wall_torch":8,"minecraft:birch_log":5,"minecraft:spruce_log":22,"minecraft:birch_leaves":3,"minecraft:oak_log":34,"minecraft:coal_ore":113,"minecraft:dirt":12,"minecraft:gold_ore":7,"minecraft:oak_leaves":6,"minecraft:deepslate":1,"minecraft:fern":4},"minecraft:crafted":{"minecraft:oak_planks":140,"minecraft:cooked_chicken":13,"minecraft:furnace":5,"minecraft:cooked_mutton":14,"minecraft:iron_boots":1,"minecraft:stone_pickaxe":3,"minecraft:chest":2,"minecraft:cooked_beef":19,"minecraft:wooden_shovel":1,"minecraft:cooked_porkchop":10,"minecraft:crafting_table":5,"minecraft:spruce_planks":88,"minecraft:wooden_pickaxe":1,"minecraft:iron_helmet":1,"minecraft:iron_sword":1,"minecraft:campfire":1,"minecraft:stone_axe":1,"minecraft:air":0,"minecraft:oak_boat":1,"minecraft:iron_chestplate":1,"minecraft:shield":1,"minecraft:stick":40,"minecraft:iron_ingot":80,"minecraft:iron_pickaxe":2,"minecraft:wooden_axe":1,"minecraft:stone_sword":2,"minecraft:iron_leggings":1,"minecraft:gold_ingot":8,"minecraft:white_bed":2,"minecraft:torch":68},"minecraft:killed":{"minecraft:spider":10,"minecraft:skeleton":5,"minecraft:horse":6,"minecraft:chicken":23,"minecraft:husk":3,"minecraft:pig":9,"minecraft:creeper":1,"minecraft:sheep":25,"minecraft:zombie":12,"minecraft:donkey":1,"minecraft:cow":13},"minecraft:used":{"minecraft:stone_sword":133,"minecraft:chest":2,"minecraft:spruce_planks":65,"minecraft:shield":18,"minecraft:iron_sword":188,"minecraft:cooked_chicken":8,"minecraft:torch":68,"minecraft:dirt":3,"minecraft:mutton":5,"minecraft:granite":2,"minecraft:wooden_axe":22,"minecraft:grass_block":1,"minecraft:iron_helmet":1,"minecraft:iron_boots":1,"minecraft:golden_carrot":3,"minecraft:beef":1,"minecraft:furnace":16,"minecraft:oak_sapling":7,"minecraft:egg":1,"minecraft:cooked_beef":12,"minecraft:iron_leggings":1,"minecraft:cooked_mutton":4,"minecraft:diorite":3,"minecraft:leather_leggings":1,"minecraft:stone_pickaxe":252,"minecraft:oak_planks":3,"minecraft:wooden_pickaxe":3,"minecraft:leather_chestplate":1,"minecraft:crafting_table":8,"minecraft:campfire":1,"minecraft:white_bed":3,"minecraft:iron_pickaxe":285,"minecraft:stone_axe":54,"minecraft:cobblestone":161,"minecraft:cooked_porkchop":10,"minecraft:oak_boat":1}},"DataVersion":3953}