{"stats":{"minecraft:killed_by":{"minecraft:creeper":1,"minecraft:zombie":4},"minecraft:crafted":{"minecraft:cooked_beef":5,"minecraft:oak_planks":56,"minecraft:cooked_porkchop":10,"minecraft:crafting_table":1,"minecraft:stick":8,"minecraft:wooden_pickaxe":1,"minecraft:stone_pickaxe":1,"minecraft:wooden_axe":1,"minecraft:stone_sword":1,"minecraft:furnace":1,"minecraft:torch":4,"minecraft:cooked_mutton":1,"minecraft:air":0},"minecraft:dropped":{"minecraft:cooked_porkchop":5,"minecraft:wooden_pickaxe":1,"minecraft:stone_pickaxe":1},"minecraft:custom":{"minecraft:time_since_rest":23093,"minecraft:interact_with_furnace":10,"minecraft:sprint_one_cm":103301,"minecraft:damage_taken":1965,"minecraft:walk_one_cm":90202,"minecraft:mob_kills":30,"minecraft:drop":7,"minecraft:damage_dealt":3921,"minecraft:swim_one_cm":8768,"minecraft:interact_with_crafting_table":8,"minecraft:fly_one_cm":155727,"minecraft:crouch_one_cm":8940,"minecraft:play_time":43362,"minecraft:deaths":5,"minecraft:sneak_time":4000,"minecraft:walk_under_water_one_cm":2525,"minecraft:jump":703,"minecraft:leave_game":7,"minecraft:time_since_death":23071,"minecraft:walk_on_water_one_cm":4670,"minecraft:total_world_time":43362,"minecraft:fall_one_cm":16938},"minecraft:picked_up":{"minecraft:crafting_table":1,"minecraft:feather":2,"minecraft:chicken":3,"minecraft:leather":9,"minecraft:torch":2,"minecraft:porkchop":15,"minecraft:oak_log":14,"minecraft:raw_copper":27,"minecraft:rotten_flesh":4,"minecraft:wheat_seeds":2,"minecraft:beef":10,"minecraft:stone_pickaxe":1,"minecraft:gray_wool":1,"minecraft:mutton":15,"minecraft:coal":31,"minecraft:white_wool":6,"minecraft:cobblestone":63,"minecraft:egg":1},"minecraft:mined":{"minecraft:crafting_table":1,"minecraft:torch":2,"minecraft:short_grass":29,"minecraft:coal_ore":31,"minecraft:oak_log":14,"minecraft:copper_ore":8,"minecraft:cobblestone":3,"minecraft:tall_grass":11,"minecraft:stone":60,"minecraft:oak_leaves":4},"minecraft:used":{"minecraft:wooden_axe":22,"minecraft:stone_sword":88,"minecraft:stone_pickaxe":99,"minecraft:wooden_pickaxe":3,"minecraft:torch":4,"minecraft:cobblestone":15,"minecraft:mutton":5,"minecraft:beef":1,"minecraft:crafting_table":2,"minecraft:furnace":1,"minecraft:cooked_porkchop":2,"minecraft:egg":1,"minecraft:cooked_beef":1},"minecraft:killed":{"minecraft:sheep":8,"minecraft:horse":6,"minecraft:donkey":1,"minecraft:pig":7,"minecraft:chicken":3,"minecraft:spider":1,"minecraft:cow":4}},"DataVersion":3953}