{"stats":{"minecraft:killed_by":{"minecraft:creeper":1,"minecraft:zombie":4},"minecraft:crafted":{"minecraft:oak_planks":56,"minecraft:crafting_table":1,"minecraft:stick":8,"minecraft:wooden_pickaxe":1,"minecraft:stone_pickaxe":1,"minecraft:wooden_axe":1,"minecraft:stone_sword":1},"minecraft:dropped":{"minecraft:stone_pickaxe":1},"minecraft:custom":{"minecraft:time_since_rest":4786,"minecraft:sprint_one_cm":60466,"minecraft:damage_taken":1785,"minecraft:walk_one_cm":53681,"minecraft:mob_kills":11,"minecraft:drop":1,"minecraft:damage_dealt":1306,"minecraft:swim_one_cm":3904,"minecraft:interact_with_crafting_table":7,"minecraft:fly_one_cm":90443,"minecraft:crouch_one_cm":3146,"minecraft:play_time":25055,"minecraft:deaths":5,"minecraft:sneak_time":1563,"minecraft:walk_under_water_one_cm":1307,"minecraft:jump":408,"minecraft:leave_game":6,"minecraft:time_since_death":4764,"minecraft:walk_on_water_one_cm":2309,"minecraft:total_world_time":25055,"minecraft:fall_one_cm":10761},"minecraft:picked_up":{"minecraft:crafting_table":1,"minecraft:leather":3,"minecraft:porkchop":7,"minecraft:oak_log":14,"minecraft:rotten_flesh":4,"minecraft:wheat_seeds":1,"minecraft:beef":5,"minecraft:stone_pickaxe":1,"minecraft:mutton":10,"minecraft:white_wool":5,"minecraft:cobblestone":16,"minecraft:egg":1},"minecraft:mined":{"minecraft:crafting_table":1,"minecraft:short_grass":15,"minecraft:oak_log":14,"minecraft:tall_grass":3,"minecraft:stone":17,"minecraft:oak_leaves":4},"minecraft:used":{"minecraft:wooden_axe":22,"minecraft:stone_pickaxe":14,"minecraft:wooden_pickaxe":3,"minecraft:mutton":5,"minecraft:beef":1,"minecraft:crafting_table":2,"minecraft:egg":1},"minecraft:killed":{"minecraft:sheep":5,"minecraft:pig":3,"minecraft:spider":1,"minecraft:cow":2}},"DataVersion":3953}