{"stats":{"minecraft:dropped":{"minecraft:cooked_beef":6,"minecraft:cooked_porkchop":6},"minecraft:broken":{"minecraft:stone_pickaxe":1,"minecraft:stone_axe":1},"minecraft:killed_by":{"minecraft:creeper":1,"minecraft:spider":2,"minecraft:skeleton":7,"minecraft:zombie":6},"minecraft:custom":{"minecraft:mob_kills":51,"minecraft:interact_with_crafting_table":32,"minecraft:leave_game":2,"minecraft:time_since_death":10552,"minecraft:sprint_one_cm":185074,"minecraft:walk_one_cm":585234,"minecraft:damage_blocked_by_shield":908,"minecraft:drop":4,"minecraft:play_time":170773,"minecraft:deaths":17,"minecraft:sneak_time":4529,"minecraft:walk_under_water_one_cm":12380,"minecraft:boat_one_cm":141449,"minecraft:jump":2913,"minecraft:walk_on_water_one_cm":16831,"minecraft:total_world_time":170773,"minecraft:interact_with_furnace":49,"minecraft:sleep_in_bed":8,"minecraft:time_since_rest":10595,"minecraft:damage_taken":6026,"minecraft:damage_dealt":5949,"minecraft:swim_one_cm":15483,"minecraft:fly_one_cm":350749,"minecraft:player_kills":1,"minecraft:open_chest":19,"minecraft:crouch_one_cm":13633,"minecraft:interact_with_smoker":11,"minecraft:fall_one_cm":77349},"minecraft:picked_up":{"minecraft:wooden_axe":9,"minecraft:crafting_table":4,"minecraft:wooden_pickaxe":1,"minecraft:oak_stairs":181,"minecraft:shield":2,"minecraft:string":29,"minecraft:raw_copper":50,"minecraft:iron_axe":4,"minecraft:wooden_sword":11,"minecraft:flint_and_steel":2,"minecraft:iron_leggings":2,"minecraft:gold_nugget":6,"minecraft:cobbled_deepslate":4,"minecraft:spruce_planks":22,"minecraft:beef":107,"minecraft:oak_boat":13,"minecraft:cobblestone_slab":10,"minecraft:wooden_shovel":7,"minecraft:iron_pickaxe":9,"minecraft:sugar_cane":24,"minecraft:chest":2,"minecraft:iron_boots":6,"minecraft:furnace":8,"minecraft:stick":7,"minecraft:raw_iron":154,"minecraft:oak_door":6,"minecraft:torch":28,"minecraft:fire_charge":1,"minecraft:porkchop":5,"minecraft:diorite":30,"minecraft:golden_chestplate":7,"minecraft:arrow":2,"minecraft:rotten_flesh":16,"minecraft:stone_sword":2,"minecraft:stone_shovel":7,"minecraft:mutton":210,"minecraft:obsidian":1,"minecraft:cobblestone":442,"minecraft:white_wool":32,"minecraft:feather":40,"minecraft:cooked_beef":9,"minecraft:andesite":6,"minecraft:leather":16,"minecraft:smoker":8,"minecraft:flint":3,"minecraft:oak_log":148,"minecraft:dirt":15,"minecraft:lapis_lazuli":142,"minecraft:cooked_mutton":2,"minecraft:glass":121,"minecraft:bone":8,"minecraft:bow":12,"minecraft:wheat_seeds":42,"minecraft:stone_pickaxe":10,"minecraft:iron_sword":2,"minecraft:oak_planks":328,"minecraft:cooked_porkchop":3,"minecraft:sand":70,"minecraft:white_bed":10,"minecraft:spider_eye":13,"minecraft:stone_axe":1,"minecraft:iron_helmet":7,"minecraft:granite":25,"minecraft:oak_sapling":8,"minecraft:coal":67},"minecraft:mined":{"minecraft:spruce_planks":3,"minecraft:white_bed":2,"minecraft:granite":12,"minecraft:grass_block":3,"minecraft:furnace":1,"minecraft:iron_ore":49,"minecraft:fire":5,"minecraft:andesite":3,"minecraft:deepslate_lapis_ore":4,"minecraft:deepslate_iron_ore":8,"minecraft:cobblestone_slab":9,"minecraft:oak_stairs":21,"minecraft:packed_ice":38,"minecraft:stone":281,"minecraft:white_wool":2,"minecraft:smoker":1,"minecraft:crafting_table":4,"minecraft:torch":1,"minecraft:short_grass":152,"minecraft:chest":2,"minecraft:copper_ore":7,"minecraft:tall_grass":48,"minecraft:cobblestone":4,"minecraft:lapis_ore":9,"minecraft:oak_planks":27,"minecraft:sugar_cane":4,"minecraft:diorite":16,"minecraft:wall_torch":1,"minecraft:seagrass":1,"minecraft:coal_ore":47,"minecraft:oak_log":149,"minecraft:sand":30,"minecraft:dirt":6,"minecraft:oak_leaves":43,"minecraft:deepslate":4},"minecraft:crafted":{"minecraft:oak_door":3,"minecraft:oak_planks":424,"minecraft:cobblestone_slab":348,"minecraft:stone_shovel":1,"minecraft:furnace":4,"minecraft:cooked_mutton":5,"minecraft:glass":19,"minecraft:iron_boots":1,"minecraft:iron_axe":2,"minecraft:stone_pickaxe":3,"minecraft:chest":4,"minecraft:smoker":1,"minecraft:cooked_beef":14,"minecraft:coal_block":2,"minecraft:wooden_shovel":1,"minecraft:cooked_porkchop":5,"minecraft:crafting_table":5,"minecraft:wooden_pickaxe":1,"minecraft:iron_helmet":1,"minecraft:iron_sword":1,"minecraft:stone_axe":1,"minecraft:air":0,"minecraft:oak_boat":1,"minecraft:shield":1,"minecraft:stick":40,"minecraft:iron_pickaxe":2,"minecraft:iron_ingot":28,"minecraft:wooden_axe":1,"minecraft:oak_stairs":88,"minecraft:stone_sword":1,"minecraft:iron_leggings":1,"minecraft:white_bed":6,"minecraft:torch":68},"minecraft:killed":{"minecraft:spider":5,"minecraft:skeleton":3,"minecraft:pig":2,"minecraft:sheep":22,"minecraft:zombie":9,"minecraft:cow":10},"minecraft:used":{"minecraft:stone_sword":76,"minecraft:flint_and_steel":6,"minecraft:stone_shovel":110,"minecraft:spruce_planks":3,"minecraft:chest":6,"minecraft:shield":11,"minecraft:iron_sword":12,"minecraft:oak_door":2,"minecraft:torch":67,"minecraft:dirt":4,"minecraft:mutton":5,"minecraft:golden_chestplate":1,"minecraft:wooden_axe":36,"minecraft:iron_axe":214,"minecraft:oak_stairs":75,"minecraft:iron_boots":2,"minecraft:furnace":4,"minecraft:oak_sapling":7,"minecraft:cooked_beef":13,"minecraft:cooked_mutton":4,"minecraft:diorite":2,"minecraft:stone_pickaxe":255,"minecraft:oak_planks":189,"minecraft:wooden_pickaxe":9,"minecraft:cobblestone_slab":198,"minecraft:white_wool":1,"minecraft:sand":7,"minecraft:crafting_table":9,"minecraft:white_bed":7,"minecraft:smoker":2,"minecraft:oak_log":37,"minecraft:iron_pickaxe":232,"minecraft:stone_axe":128,"minecraft:wooden_sword":9,"minecraft:cobblestone":49,"minecraft:cooked_porkchop":2,"minecraft:andesite":1,"minecraft:oak_boat":2}},"DataVersion":3953}