{"stats":{"minecraft:killed_by":{"minecraft:creeper":1,"minecraft:spider":1,"minecraft:zombie":2},"minecraft:custom":{"minecraft:open_chest":1,"minecraft:time_since_rest":2440,"minecraft:crouch_one_cm":173,"minecraft:play_time":8693,"minecraft:sprint_one_cm":7726,"minecraft:walk_one_cm":31695,"minecraft:damage_taken":1178,"minecraft:deaths":4,"minecraft:sneak_time":38,"minecraft:walk_under_water_one_cm":3863,"minecraft:mob_kills":3,"minecraft:jump":204,"minecraft:damage_dealt":322,"minecraft:leave_game":1,"minecraft:walk_on_water_one_cm":6359,"minecraft:time_since_death":2389,"minecraft:total_world_time":8693,"minecraft:swim_one_cm":15483,"minecraft:fall_one_cm":5825,"minecraft:fly_one_cm":22902},"minecraft:picked_up":{"minecraft:oak_log":1,"minecraft:mutton":3,"minecraft:dirt":2,"minecraft:white_wool":5},"minecraft:mined":{"minecraft:short_grass":7,"minecraft:oak_log":1,"minecraft:grass_block":1,"minecraft:dirt":1,"minecraft:tall_grass":1,"minecraft:white_wool":1},"minecraft:used":{"minecraft:dirt":2},"minecraft:killed":{"minecraft:sheep":3}},"DataVersion":3953}